--------------------------------------------------------
  
--------------------------------------------------------
REM INSERTING into MIASTO
SET DEFINE OFF;
Insert into MIASTO (ID_MIASTO,MIASTO) values ('1','Warszawa');


--------------------------------------------------------
  
--------------------------------------------------------
REM INSERTING into ADRES
SET DEFINE OFF;
Insert into ADRES (ID_ADRES,MIASTO_ID_MIASTO,ULICA,NR_DZIALKI,KOD_POCZTOWY) values ('1','1','Powstańców Śląskich ','70','01-38');
Insert into ADRES (ID_ADRES,MIASTO_ID_MIASTO,ULICA,NR_DZIALKI,KOD_POCZTOWY) values ('2','1','Żeromskiego','29','00-00');
Insert into ADRES (ID_ADRES,MIASTO_ID_MIASTO,ULICA,NR_DZIALKI,KOD_POCZTOWY) values ('3','1','Grójecka','17','02-021');
Insert into ADRES (ID_ADRES,MIASTO_ID_MIASTO,ULICA,NR_DZIALKI,KOD_POCZTOWY) values ('4','1','Aleja Solidarności','90','01-003');
Insert into ADRES (ID_ADRES,MIASTO_ID_MIASTO,ULICA,NR_DZIALKI,KOD_POCZTOWY) values ('5','1','Rogalińska','2','01-206');
Insert into ADRES (ID_ADRES,MIASTO_ID_MIASTO,ULICA,NR_DZIALKI,KOD_POCZTOWY) values ('6','1','Redutowa','37','00-001');
Insert into ADRES (ID_ADRES,MIASTO_ID_MIASTO,ULICA,NR_DZIALKI,KOD_POCZTOWY) values ('7','1','Esperanto','5','01-049');


--------------------------------------------------------

--------------------------------------------------------
REM INSERTING into URZAD
SET DEFINE OFF;
Insert into URZAD (ID_URZAD,ADRES_ID_ADRES,NAZWA) values ('1','1','Bemowo');
Insert into URZAD (ID_URZAD,ADRES_ID_ADRES,NAZWA) values ('2','2','Bielany');
Insert into URZAD (ID_URZAD,ADRES_ID_ADRES,NAZWA) values ('3','3','Ochota');
Insert into URZAD (ID_URZAD,ADRES_ID_ADRES,NAZWA) values ('4','4','Wola');


--------------------------------------------------------
  
--------------------------------------------------------
REM INSERTING into HALA
SET DEFINE OFF;
Insert into HALA (ID_HALA,ADRES_ID_ADRES,NAZWA) values ('1','5','Hala_1');
Insert into HALA (ID_HALA,ADRES_ID_ADRES,NAZWA) values ('2','6','Hala_2');
Insert into HALA (ID_HALA,ADRES_ID_ADRES,NAZWA) values ('3','7','Hala_3');


--------------------------------------------------------

--------------------------------------------------------
REM INSERTING into OSOBA
SET DEFINE OFF;
Insert into OSOBA (ID_OSOBA,URZAD_ID_URZAD,IMIE,NAZWISKO,DATA_URODZENIA) values ('1','1','Anna','Skowrońska',to_date('85/07/29','RR/MM/DD'));
Insert into OSOBA (ID_OSOBA,URZAD_ID_URZAD,IMIE,NAZWISKO,DATA_URODZENIA) values ('2','1','Michał','Wilk',to_date('70/03/18','RR/MM/DD'));
Insert into OSOBA (ID_OSOBA,URZAD_ID_URZAD,IMIE,NAZWISKO,DATA_URODZENIA) values ('3','1','Tomasz','Adamowicz',to_date('83/05/18','RR/MM/DD'));
Insert into OSOBA (ID_OSOBA,URZAD_ID_URZAD,IMIE,NAZWISKO,DATA_URODZENIA) values ('4','1','Łukasz','Mazur',to_date('87/10/23','RR/MM/DD'));
Insert into OSOBA (ID_OSOBA,URZAD_ID_URZAD,IMIE,NAZWISKO,DATA_URODZENIA) values ('5','1','Weronika','Duda',to_date('90/11/14','RR/MM/DD'));
Insert into OSOBA (ID_OSOBA,URZAD_ID_URZAD,IMIE,NAZWISKO,DATA_URODZENIA) values ('6','2','Kamil','Wróblewski',to_date('76/06/30','RR/MM/DD'));
Insert into OSOBA (ID_OSOBA,URZAD_ID_URZAD,IMIE,NAZWISKO,DATA_URODZENIA) values ('7','2','Ewa','Bednarek',to_date('18/05/17','RR/MM/DD'));
Insert into OSOBA (ID_OSOBA,URZAD_ID_URZAD,IMIE,NAZWISKO,DATA_URODZENIA) values ('8','2','Marta','Król',to_date('18/08/17','RR/MM/DD'));
Insert into OSOBA (ID_OSOBA,URZAD_ID_URZAD,IMIE,NAZWISKO,DATA_URODZENIA) values ('9','2','Grzegorz','Szymczak',to_date('74/10/18','RR/MM/DD'));
Insert into OSOBA (ID_OSOBA,URZAD_ID_URZAD,IMIE,NAZWISKO,DATA_URODZENIA) values ('10','2','Marcin','Nowak',to_date('84/12/13','RR/MM/DD'));
Insert into OSOBA (ID_OSOBA,URZAD_ID_URZAD,IMIE,NAZWISKO,DATA_URODZENIA) values ('11','3','Magdalena','Lis',to_date('90/03/19','RR/MM/DD'));
Insert into OSOBA (ID_OSOBA,URZAD_ID_URZAD,IMIE,NAZWISKO,DATA_URODZENIA) values ('12','3','Tomasz','Mazur',to_date('18/01/13','RR/MM/DD'));
Insert into OSOBA (ID_OSOBA,URZAD_ID_URZAD,IMIE,NAZWISKO,DATA_URODZENIA) values ('13','3','Paweł','Grzeszczyk',to_date('78/08/12','RR/MM/DD'));
Insert into OSOBA (ID_OSOBA,URZAD_ID_URZAD,IMIE,NAZWISKO,DATA_URODZENIA) values ('14','3','Justyna','Mikołajczak',to_date('87/06/17','RR/MM/DD'));
Insert into OSOBA (ID_OSOBA,URZAD_ID_URZAD,IMIE,NAZWISKO,DATA_URODZENIA) values ('15','4','Sylwia','Jończyk',to_date('18/07/26','RR/MM/DD'));
Insert into OSOBA (ID_OSOBA,URZAD_ID_URZAD,IMIE,NAZWISKO,DATA_URODZENIA) values ('16','4','Piotr','Polit',to_date('72/02/07','RR/MM/DD'));
Insert into OSOBA (ID_OSOBA,URZAD_ID_URZAD,IMIE,NAZWISKO,DATA_URODZENIA) values ('17','4','Adrianna','Kula',to_date('82/09/27','RR/MM/DD'));
Insert into OSOBA (ID_OSOBA,URZAD_ID_URZAD,IMIE,NAZWISKO,DATA_URODZENIA) values ('18','4','Katarzyna','Borecka',to_date('75/04/20','RR/MM/DD'));
Insert into OSOBA (ID_OSOBA,URZAD_ID_URZAD,IMIE,NAZWISKO,DATA_URODZENIA) values ('19','4','Adam','Brzeziński',to_date('78/10/02','RR/MM/DD'));
Insert into OSOBA (ID_OSOBA,URZAD_ID_URZAD,IMIE,NAZWISKO,DATA_URODZENIA) values ('20','4','Lidia','Pawłowska',to_date('77/03/27','RR/MM/DD'));


--------------------------------------------------------
  
--------------------------------------------------------
REM INSERTING into KLASA_TRENERSKA
SET DEFINE OFF;
Insert into KLASA_TRENERSKA (ID_KLASA,KLASA) values ('1','1');
Insert into KLASA_TRENERSKA (ID_KLASA,KLASA) values ('2','2');
Insert into KLASA_TRENERSKA (ID_KLASA,KLASA) values ('3',null);


--------------------------------------------------------
  
--------------------------------------------------------
REM INSERTING into TRENER
SET DEFINE OFF;
Insert into TRENER (ID_TRENER,KLASA_TRENERSKA_ID_KLASA,UPRAWNIENIA) values ('4','1',to_date('04/06/22','RR/MM/DD'));
Insert into TRENER (ID_TRENER,KLASA_TRENERSKA_ID_KLASA,UPRAWNIENIA) values ('7','2',to_date('06/10/13','RR/MM/DD'));
Insert into TRENER (ID_TRENER,KLASA_TRENERSKA_ID_KLASA,UPRAWNIENIA) values ('12','2',to_date('09/02/12','RR/MM/DD'));
Insert into TRENER (ID_TRENER,KLASA_TRENERSKA_ID_KLASA,UPRAWNIENIA) values ('17','3',null);
Insert into TRENER (ID_TRENER,KLASA_TRENERSKA_ID_KLASA,UPRAWNIENIA) values ('20','2',to_date('00/04/12','RR/MM/DD'));


--------------------------------------------------------
   
--------------------------------------------------------
REM INSERTING into SEDZIA
SET DEFINE OFF;
Insert into SEDZIA (ID_SEDZIA) values ('1');
Insert into SEDZIA (ID_SEDZIA) values ('2');
Insert into SEDZIA (ID_SEDZIA) values ('4');
Insert into SEDZIA (ID_SEDZIA) values ('6');
Insert into SEDZIA (ID_SEDZIA) values ('7');
Insert into SEDZIA (ID_SEDZIA) values ('11');
Insert into SEDZIA (ID_SEDZIA) values ('12');
Insert into SEDZIA (ID_SEDZIA) values ('14');
Insert into SEDZIA (ID_SEDZIA) values ('15');
Insert into SEDZIA (ID_SEDZIA) values ('16');
Insert into SEDZIA (ID_SEDZIA) values ('19');
Insert into SEDZIA (ID_SEDZIA) values ('20');


--------------------------------------------------------
 
--------------------------------------------------------
REM INSERTING into ZAWODNIK
SET DEFINE OFF;
Insert into ZAWODNIK (ID_ZAWODNIK,NR_NA_KOSZULCE) values ('1','2');
Insert into ZAWODNIK (ID_ZAWODNIK,NR_NA_KOSZULCE) values ('2','4');
Insert into ZAWODNIK (ID_ZAWODNIK,NR_NA_KOSZULCE) values ('3','6');
Insert into ZAWODNIK (ID_ZAWODNIK,NR_NA_KOSZULCE) values ('4','8');
Insert into ZAWODNIK (ID_ZAWODNIK,NR_NA_KOSZULCE) values ('5','10');
Insert into ZAWODNIK (ID_ZAWODNIK,NR_NA_KOSZULCE) values ('6','3');
Insert into ZAWODNIK (ID_ZAWODNIK,NR_NA_KOSZULCE) values ('7','5');
Insert into ZAWODNIK (ID_ZAWODNIK,NR_NA_KOSZULCE) values ('8','7');
Insert into ZAWODNIK (ID_ZAWODNIK,NR_NA_KOSZULCE) values ('9','9');
Insert into ZAWODNIK (ID_ZAWODNIK,NR_NA_KOSZULCE) values ('10','11');
Insert into ZAWODNIK (ID_ZAWODNIK,NR_NA_KOSZULCE) values ('11','1');
Insert into ZAWODNIK (ID_ZAWODNIK,NR_NA_KOSZULCE) values ('12','2');
Insert into ZAWODNIK (ID_ZAWODNIK,NR_NA_KOSZULCE) values ('13','4');
Insert into ZAWODNIK (ID_ZAWODNIK,NR_NA_KOSZULCE) values ('14','5');
Insert into ZAWODNIK (ID_ZAWODNIK,NR_NA_KOSZULCE) values ('15','3');
Insert into ZAWODNIK (ID_ZAWODNIK,NR_NA_KOSZULCE) values ('16','4');
Insert into ZAWODNIK (ID_ZAWODNIK,NR_NA_KOSZULCE) values ('17','7');
Insert into ZAWODNIK (ID_ZAWODNIK,NR_NA_KOSZULCE) values ('18','10');
Insert into ZAWODNIK (ID_ZAWODNIK,NR_NA_KOSZULCE) values ('19','12');
Insert into ZAWODNIK (ID_ZAWODNIK,NR_NA_KOSZULCE) values ('20','14');


--------------------------------------------------------
  
--------------------------------------------------------
REM INSERTING into DRUZYNA
SET DEFINE OFF;
Insert into DRUZYNA (ID_DRUZYNA,TRENER_ID_TRENER,NAZWA,PIOSENKA) values ('1','4','BEMO','PIOSENKA_1');
Insert into DRUZYNA (ID_DRUZYNA,TRENER_ID_TRENER,NAZWA,PIOSENKA) values ('2','7','BIEL','PIOSENKA_2');
Insert into DRUZYNA (ID_DRUZYNA,TRENER_ID_TRENER,NAZWA,PIOSENKA) values ('3','12','OCHO','PIOSENKA_3');
Insert into DRUZYNA (ID_DRUZYNA,TRENER_ID_TRENER,NAZWA,PIOSENKA) values ('4','17','WOLA','PIOSENKA_4');


--------------------------------------------------------
 
--------------------------------------------------------
REM INSERTING into MECZ
SET DEFINE OFF;
Insert into MECZ (ID_MECZ,HALA_ID_HALA,DRUZYNA_ID_DRUZYNA,DRUZYNA_2_ID_DRUZYNA,SEDZIA_ID_SEDZIA,TERMIN) values ('1','1','1','2','12',to_date('17/10/11','RR/MM/DD'));
Insert into MECZ (ID_MECZ,HALA_ID_HALA,DRUZYNA_ID_DRUZYNA,DRUZYNA_2_ID_DRUZYNA,SEDZIA_ID_SEDZIA,TERMIN) values ('2','2','3','4','1',to_date('17/10/12','RR/MM/DD'));
Insert into MECZ (ID_MECZ,HALA_ID_HALA,DRUZYNA_ID_DRUZYNA,DRUZYNA_2_ID_DRUZYNA,SEDZIA_ID_SEDZIA,TERMIN) values ('3','2','1','3','7',to_date('17/10/25','RR/MM/DD'));
Insert into MECZ (ID_MECZ,HALA_ID_HALA,DRUZYNA_ID_DRUZYNA,DRUZYNA_2_ID_DRUZYNA,SEDZIA_ID_SEDZIA,TERMIN) values ('4','3','2','4','14',to_date('17/10/25','RR/MM/DD'));
Insert into MECZ (ID_MECZ,HALA_ID_HALA,DRUZYNA_ID_DRUZYNA,DRUZYNA_2_ID_DRUZYNA,SEDZIA_ID_SEDZIA,TERMIN) values ('5','2','1','4','6',to_date('17/11/07','RR/MM/DD'));
Insert into MECZ (ID_MECZ,HALA_ID_HALA,DRUZYNA_ID_DRUZYNA,DRUZYNA_2_ID_DRUZYNA,SEDZIA_ID_SEDZIA,TERMIN) values ('6','3','2','3','19',to_date('17/11/08','RR/MM/DD'));


--------------------------------------------------------
  
--------------------------------------------------------
REM INSERTING into TABELA_WYNIKOW
SET DEFINE OFF;
Insert into TABELA_WYNIKOW (DRUZYNA_ID_DRUZYNA,MECZ_ID_MECZ,PUNKTY_W_I_SECIE,PUNKTY_W_II_SECIE,PUNKTY_W_III_SECIE,PUNKTY_W_IV_SECIE,PUNKTY_W_V_SECIE) values ('1','1','20','25','25','16','25');
Insert into TABELA_WYNIKOW (DRUZYNA_ID_DRUZYNA,MECZ_ID_MECZ,PUNKTY_W_I_SECIE,PUNKTY_W_II_SECIE,PUNKTY_W_III_SECIE,PUNKTY_W_IV_SECIE,PUNKTY_W_V_SECIE) values ('2','1','25','18','20','25','23');
Insert into TABELA_WYNIKOW (DRUZYNA_ID_DRUZYNA,MECZ_ID_MECZ,PUNKTY_W_I_SECIE,PUNKTY_W_II_SECIE,PUNKTY_W_III_SECIE,PUNKTY_W_IV_SECIE,PUNKTY_W_V_SECIE) values ('3','2','25','25','25','0','0');
Insert into TABELA_WYNIKOW (DRUZYNA_ID_DRUZYNA,MECZ_ID_MECZ,PUNKTY_W_I_SECIE,PUNKTY_W_II_SECIE,PUNKTY_W_III_SECIE,PUNKTY_W_IV_SECIE,PUNKTY_W_V_SECIE) values ('4','2','16','20','20','0','0');
Insert into TABELA_WYNIKOW (DRUZYNA_ID_DRUZYNA,MECZ_ID_MECZ,PUNKTY_W_I_SECIE,PUNKTY_W_II_SECIE,PUNKTY_W_III_SECIE,PUNKTY_W_IV_SECIE,PUNKTY_W_V_SECIE) values ('1','3','23','22','25','20','0');
Insert into TABELA_WYNIKOW (DRUZYNA_ID_DRUZYNA,MECZ_ID_MECZ,PUNKTY_W_I_SECIE,PUNKTY_W_II_SECIE,PUNKTY_W_III_SECIE,PUNKTY_W_IV_SECIE,PUNKTY_W_V_SECIE) values ('3','3','25','25','23','25','0');
Insert into TABELA_WYNIKOW (DRUZYNA_ID_DRUZYNA,MECZ_ID_MECZ,PUNKTY_W_I_SECIE,PUNKTY_W_II_SECIE,PUNKTY_W_III_SECIE,PUNKTY_W_IV_SECIE,PUNKTY_W_V_SECIE) values ('2','4','25','22','23','20','0');
Insert into TABELA_WYNIKOW (DRUZYNA_ID_DRUZYNA,MECZ_ID_MECZ,PUNKTY_W_I_SECIE,PUNKTY_W_II_SECIE,PUNKTY_W_III_SECIE,PUNKTY_W_IV_SECIE,PUNKTY_W_V_SECIE) values ('4','4','19','25','25','25','0');
Insert into TABELA_WYNIKOW (DRUZYNA_ID_DRUZYNA,MECZ_ID_MECZ,PUNKTY_W_I_SECIE,PUNKTY_W_II_SECIE,PUNKTY_W_III_SECIE,PUNKTY_W_IV_SECIE,PUNKTY_W_V_SECIE) values ('1','5','25','22','20','25','25');
Insert into TABELA_WYNIKOW (DRUZYNA_ID_DRUZYNA,MECZ_ID_MECZ,PUNKTY_W_I_SECIE,PUNKTY_W_II_SECIE,PUNKTY_W_III_SECIE,PUNKTY_W_IV_SECIE,PUNKTY_W_V_SECIE) values ('4','5','19','25','25','23','18');
Insert into TABELA_WYNIKOW (DRUZYNA_ID_DRUZYNA,MECZ_ID_MECZ,PUNKTY_W_I_SECIE,PUNKTY_W_II_SECIE,PUNKTY_W_III_SECIE,PUNKTY_W_IV_SECIE,PUNKTY_W_V_SECIE) values ('2','6','22','24','23','0','0');
Insert into TABELA_WYNIKOW (DRUZYNA_ID_DRUZYNA,MECZ_ID_MECZ,PUNKTY_W_I_SECIE,PUNKTY_W_II_SECIE,PUNKTY_W_III_SECIE,PUNKTY_W_IV_SECIE,PUNKTY_W_V_SECIE) values ('3','6','25','25','25','0','0');


--------------------------------------------------------
   
--------------------------------------------------------
REM INSERTING into STATYSTYKA
SET DEFINE OFF;
Insert into STATYSTYKA (ID_STATYSTYKA,MECZ_ID_MECZ,ILOSC_ZDOBYTYCH_PUNKTOW) values ('1','1','26');
Insert into STATYSTYKA (ID_STATYSTYKA,MECZ_ID_MECZ,ILOSC_ZDOBYTYCH_PUNKTOW) values ('2','1','20');
Insert into STATYSTYKA (ID_STATYSTYKA,MECZ_ID_MECZ,ILOSC_ZDOBYTYCH_PUNKTOW) values ('3','1','32');
Insert into STATYSTYKA (ID_STATYSTYKA,MECZ_ID_MECZ,ILOSC_ZDOBYTYCH_PUNKTOW) values ('4','1','27');
Insert into STATYSTYKA (ID_STATYSTYKA,MECZ_ID_MECZ,ILOSC_ZDOBYTYCH_PUNKTOW) values ('5','1','30');
Insert into STATYSTYKA (ID_STATYSTYKA,MECZ_ID_MECZ,ILOSC_ZDOBYTYCH_PUNKTOW) values ('6','1','16');
Insert into STATYSTYKA (ID_STATYSTYKA,MECZ_ID_MECZ,ILOSC_ZDOBYTYCH_PUNKTOW) values ('7','1','18');
Insert into STATYSTYKA (ID_STATYSTYKA,MECZ_ID_MECZ,ILOSC_ZDOBYTYCH_PUNKTOW) values ('8','1','27');
Insert into STATYSTYKA (ID_STATYSTYKA,MECZ_ID_MECZ,ILOSC_ZDOBYTYCH_PUNKTOW) values ('9','1','15');
Insert into STATYSTYKA (ID_STATYSTYKA,MECZ_ID_MECZ,ILOSC_ZDOBYTYCH_PUNKTOW) values ('10','2','23');
Insert into STATYSTYKA (ID_STATYSTYKA,MECZ_ID_MECZ,ILOSC_ZDOBYTYCH_PUNKTOW) values ('11','2','18');
Insert into STATYSTYKA (ID_STATYSTYKA,MECZ_ID_MECZ,ILOSC_ZDOBYTYCH_PUNKTOW) values ('12','2','15');
Insert into STATYSTYKA (ID_STATYSTYKA,MECZ_ID_MECZ,ILOSC_ZDOBYTYCH_PUNKTOW) values ('13','2','13');
Insert into STATYSTYKA (ID_STATYSTYKA,MECZ_ID_MECZ,ILOSC_ZDOBYTYCH_PUNKTOW) values ('14','2','13');
Insert into STATYSTYKA (ID_STATYSTYKA,MECZ_ID_MECZ,ILOSC_ZDOBYTYCH_PUNKTOW) values ('15','2','14');
Insert into STATYSTYKA (ID_STATYSTYKA,MECZ_ID_MECZ,ILOSC_ZDOBYTYCH_PUNKTOW) values ('16','2','8');
Insert into STATYSTYKA (ID_STATYSTYKA,MECZ_ID_MECZ,ILOSC_ZDOBYTYCH_PUNKTOW) values ('17','2','10');
Insert into STATYSTYKA (ID_STATYSTYKA,MECZ_ID_MECZ,ILOSC_ZDOBYTYCH_PUNKTOW) values ('18','2','8');
Insert into STATYSTYKA (ID_STATYSTYKA,MECZ_ID_MECZ,ILOSC_ZDOBYTYCH_PUNKTOW) values ('19','3','16');
Insert into STATYSTYKA (ID_STATYSTYKA,MECZ_ID_MECZ,ILOSC_ZDOBYTYCH_PUNKTOW) values ('20','3','21');
Insert into STATYSTYKA (ID_STATYSTYKA,MECZ_ID_MECZ,ILOSC_ZDOBYTYCH_PUNKTOW) values ('21','3','29');
Insert into STATYSTYKA (ID_STATYSTYKA,MECZ_ID_MECZ,ILOSC_ZDOBYTYCH_PUNKTOW) values ('22','3','18');
Insert into STATYSTYKA (ID_STATYSTYKA,MECZ_ID_MECZ,ILOSC_ZDOBYTYCH_PUNKTOW) values ('23','3','8');
Insert into STATYSTYKA (ID_STATYSTYKA,MECZ_ID_MECZ,ILOSC_ZDOBYTYCH_PUNKTOW) values ('24','3','25');
Insert into STATYSTYKA (ID_STATYSTYKA,MECZ_ID_MECZ,ILOSC_ZDOBYTYCH_PUNKTOW) values ('25','3','35');
Insert into STATYSTYKA (ID_STATYSTYKA,MECZ_ID_MECZ,ILOSC_ZDOBYTYCH_PUNKTOW) values ('26','3','19');
Insert into STATYSTYKA (ID_STATYSTYKA,MECZ_ID_MECZ,ILOSC_ZDOBYTYCH_PUNKTOW) values ('27','3','15');
Insert into STATYSTYKA (ID_STATYSTYKA,MECZ_ID_MECZ,ILOSC_ZDOBYTYCH_PUNKTOW) values ('28','4','30');
Insert into STATYSTYKA (ID_STATYSTYKA,MECZ_ID_MECZ,ILOSC_ZDOBYTYCH_PUNKTOW) values ('29','4','34');
Insert into STATYSTYKA (ID_STATYSTYKA,MECZ_ID_MECZ,ILOSC_ZDOBYTYCH_PUNKTOW) values ('30','4','8');
Insert into STATYSTYKA (ID_STATYSTYKA,MECZ_ID_MECZ,ILOSC_ZDOBYTYCH_PUNKTOW) values ('31','4','12');
Insert into STATYSTYKA (ID_STATYSTYKA,MECZ_ID_MECZ,ILOSC_ZDOBYTYCH_PUNKTOW) values ('32','4','20');
Insert into STATYSTYKA (ID_STATYSTYKA,MECZ_ID_MECZ,ILOSC_ZDOBYTYCH_PUNKTOW) values ('33','4','18');
Insert into STATYSTYKA (ID_STATYSTYKA,MECZ_ID_MECZ,ILOSC_ZDOBYTYCH_PUNKTOW) values ('34','4','21');
Insert into STATYSTYKA (ID_STATYSTYKA,MECZ_ID_MECZ,ILOSC_ZDOBYTYCH_PUNKTOW) values ('35','4','11');
Insert into STATYSTYKA (ID_STATYSTYKA,MECZ_ID_MECZ,ILOSC_ZDOBYTYCH_PUNKTOW) values ('36','4','8');
Insert into STATYSTYKA (ID_STATYSTYKA,MECZ_ID_MECZ,ILOSC_ZDOBYTYCH_PUNKTOW) values ('37','4','10');
Insert into STATYSTYKA (ID_STATYSTYKA,MECZ_ID_MECZ,ILOSC_ZDOBYTYCH_PUNKTOW) values ('38','5','30');
Insert into STATYSTYKA (ID_STATYSTYKA,MECZ_ID_MECZ,ILOSC_ZDOBYTYCH_PUNKTOW) values ('39','5','34');
Insert into STATYSTYKA (ID_STATYSTYKA,MECZ_ID_MECZ,ILOSC_ZDOBYTYCH_PUNKTOW) values ('40','5','28');
Insert into STATYSTYKA (ID_STATYSTYKA,MECZ_ID_MECZ,ILOSC_ZDOBYTYCH_PUNKTOW) values ('41','5','12');
Insert into STATYSTYKA (ID_STATYSTYKA,MECZ_ID_MECZ,ILOSC_ZDOBYTYCH_PUNKTOW) values ('42','5','8');
Insert into STATYSTYKA (ID_STATYSTYKA,MECZ_ID_MECZ,ILOSC_ZDOBYTYCH_PUNKTOW) values ('43','5','30');
Insert into STATYSTYKA (ID_STATYSTYKA,MECZ_ID_MECZ,ILOSC_ZDOBYTYCH_PUNKTOW) values ('44','5','28');
Insert into STATYSTYKA (ID_STATYSTYKA,MECZ_ID_MECZ,ILOSC_ZDOBYTYCH_PUNKTOW) values ('45','5','26');
Insert into STATYSTYKA (ID_STATYSTYKA,MECZ_ID_MECZ,ILOSC_ZDOBYTYCH_PUNKTOW) values ('46','5','20');
Insert into STATYSTYKA (ID_STATYSTYKA,MECZ_ID_MECZ,ILOSC_ZDOBYTYCH_PUNKTOW) values ('47','6','20');
Insert into STATYSTYKA (ID_STATYSTYKA,MECZ_ID_MECZ,ILOSC_ZDOBYTYCH_PUNKTOW) values ('48','6','18');
Insert into STATYSTYKA (ID_STATYSTYKA,MECZ_ID_MECZ,ILOSC_ZDOBYTYCH_PUNKTOW) values ('49','6','14');
Insert into STATYSTYKA (ID_STATYSTYKA,MECZ_ID_MECZ,ILOSC_ZDOBYTYCH_PUNKTOW) values ('50','6','10');
Insert into STATYSTYKA (ID_STATYSTYKA,MECZ_ID_MECZ,ILOSC_ZDOBYTYCH_PUNKTOW) values ('51','6','22');
Insert into STATYSTYKA (ID_STATYSTYKA,MECZ_ID_MECZ,ILOSC_ZDOBYTYCH_PUNKTOW) values ('52','6','24');
Insert into STATYSTYKA (ID_STATYSTYKA,MECZ_ID_MECZ,ILOSC_ZDOBYTYCH_PUNKTOW) values ('53','6','13');
Insert into STATYSTYKA (ID_STATYSTYKA,MECZ_ID_MECZ,ILOSC_ZDOBYTYCH_PUNKTOW) values ('54','6','10');


--------------------------------------------------------
   
--------------------------------------------------------
REM INSERTING into ZAWODNIK_W_DRUZYNIE
SET DEFINE OFF;
Insert into ZAWODNIK_W_DRUZYNIE (DRUZYNA_ID_DRUZYNA,ZAWODNIK_ID_ZAWODNIK,STATYSTYKA_ID_STATYSTYKA) values ('1','1','1');
Insert into ZAWODNIK_W_DRUZYNIE (DRUZYNA_ID_DRUZYNA,ZAWODNIK_ID_ZAWODNIK,STATYSTYKA_ID_STATYSTYKA) values ('1','2','2');
Insert into ZAWODNIK_W_DRUZYNIE (DRUZYNA_ID_DRUZYNA,ZAWODNIK_ID_ZAWODNIK,STATYSTYKA_ID_STATYSTYKA) values ('1','3','3');
Insert into ZAWODNIK_W_DRUZYNIE (DRUZYNA_ID_DRUZYNA,ZAWODNIK_ID_ZAWODNIK,STATYSTYKA_ID_STATYSTYKA) values ('1','5','4');
Insert into ZAWODNIK_W_DRUZYNIE (DRUZYNA_ID_DRUZYNA,ZAWODNIK_ID_ZAWODNIK,STATYSTYKA_ID_STATYSTYKA) values ('2','6','5');
Insert into ZAWODNIK_W_DRUZYNIE (DRUZYNA_ID_DRUZYNA,ZAWODNIK_ID_ZAWODNIK,STATYSTYKA_ID_STATYSTYKA) values ('2','7','6');
Insert into ZAWODNIK_W_DRUZYNIE (DRUZYNA_ID_DRUZYNA,ZAWODNIK_ID_ZAWODNIK,STATYSTYKA_ID_STATYSTYKA) values ('2','8','7');
Insert into ZAWODNIK_W_DRUZYNIE (DRUZYNA_ID_DRUZYNA,ZAWODNIK_ID_ZAWODNIK,STATYSTYKA_ID_STATYSTYKA) values ('2','9','8');
Insert into ZAWODNIK_W_DRUZYNIE (DRUZYNA_ID_DRUZYNA,ZAWODNIK_ID_ZAWODNIK,STATYSTYKA_ID_STATYSTYKA) values ('2','10','9');
Insert into ZAWODNIK_W_DRUZYNIE (DRUZYNA_ID_DRUZYNA,ZAWODNIK_ID_ZAWODNIK,STATYSTYKA_ID_STATYSTYKA) values ('3','11','10');
Insert into ZAWODNIK_W_DRUZYNIE (DRUZYNA_ID_DRUZYNA,ZAWODNIK_ID_ZAWODNIK,STATYSTYKA_ID_STATYSTYKA) values ('3','12','11');
Insert into ZAWODNIK_W_DRUZYNIE (DRUZYNA_ID_DRUZYNA,ZAWODNIK_ID_ZAWODNIK,STATYSTYKA_ID_STATYSTYKA) values ('3','13','12');
Insert into ZAWODNIK_W_DRUZYNIE (DRUZYNA_ID_DRUZYNA,ZAWODNIK_ID_ZAWODNIK,STATYSTYKA_ID_STATYSTYKA) values ('3','14','13');
Insert into ZAWODNIK_W_DRUZYNIE (DRUZYNA_ID_DRUZYNA,ZAWODNIK_ID_ZAWODNIK,STATYSTYKA_ID_STATYSTYKA) values ('4','15','14');
Insert into ZAWODNIK_W_DRUZYNIE (DRUZYNA_ID_DRUZYNA,ZAWODNIK_ID_ZAWODNIK,STATYSTYKA_ID_STATYSTYKA) values ('4','16','15');
Insert into ZAWODNIK_W_DRUZYNIE (DRUZYNA_ID_DRUZYNA,ZAWODNIK_ID_ZAWODNIK,STATYSTYKA_ID_STATYSTYKA) values ('4','18','16');
Insert into ZAWODNIK_W_DRUZYNIE (DRUZYNA_ID_DRUZYNA,ZAWODNIK_ID_ZAWODNIK,STATYSTYKA_ID_STATYSTYKA) values ('4','19','17');
Insert into ZAWODNIK_W_DRUZYNIE (DRUZYNA_ID_DRUZYNA,ZAWODNIK_ID_ZAWODNIK,STATYSTYKA_ID_STATYSTYKA) values ('4','20','18');